dateEntrega,prodItem,prodItem Url,strValue
Resultados,,,
"quinta-feira, 3 de jul.",Mesa de Jantar Tampo 120x90 MDF/Vidro para 4 Lugares Pés Madeira Maciça Pérola Mel/OffWhite,https://www.amazon.com.br/sspa/click?ie=UTF8&spc=MTozNTE2MTc0Njk1ODU1ODc6MTc0OTE0MDIzODpzcF9hdGY6MzAwNzk3NzgzMjkwNjAyOjowOjo&url=%2FJantar-120x90-Lugares-Madeira-OffWhite%2Fdp%2FB0D1YMCM8L%2Fref%3Dsr_1_1_sspa%3Fdib%3DeyJ2IjoiMSJ9.PVcH5lDdOneieb3rHwtz6gOvocXgoWdbMc40zPyTcAEcdNoJBpdwONWg--sAjVzSBMuK34hSxdKrrcpBrjl0ZXBPkD4kewMVk7T347pS1ikceFF4siF3sSiaC-G8qiT4vvidqydRoIm8cF944hMX_wfOFVcg4c5cf-uD5hGdPu8gxjwhii8ExjIqFgteLqqo_d7Wz3gYLJHTBywNSTXjeh51bm7myhuZN8wEM9Z3KDZaobKWe8ZXqsBYY7xEczbCWwl-zIFBlFMD3Y4gGvigo58J5kXd932xEL4_-hW76Ps.3jbkgg3DDvyjxWoGyxS5eU5gvlGO-VEYRLnqWEauw3w%26dib_tag%3Dse%26keywords%3Dmesa%26qid%3D1749140238%26sr%3D8-1-spons%26ufe%3Dapp_do%253Aamzn1.fos.25548f35-0de7-44b3-b28e-0f56f3f96147%26sp_csd%3Dd2lkZ2V0TmFtZT1zcF9hdGY%26psc%3D1,"R$900
,
00"
"segunda-feira, 23 de jun.","JARDIMANÍA – Mesa Portátil de Plástico 1,80 Metros – Fechamento Tipo Pasta – Portátil, Resistente – Amplo Espaço – Multiusos – Suporta até 150 kg – 6 a 8 Pessoas – 180 x 70 x 75.",https://www.amazon.com.br/sspa/click?ie=UTF8&spc=MTozNTE2MTc0Njk1ODU1ODc6MTc0OTE0MDIzODpzcF9hdGY6MzAwNzMzNTYwOTI1NDAyOjowOjo&url=%2FDobr%25C3%25A1vel-Port%25C3%25A1til-Maleta-Refor%25C3%25A7ada-Branco%2Fdp%2FB07B2ZZKPN%2Fref%3Dsr_1_2_sspa%3Fdib%3DeyJ2IjoiMSJ9.PVcH5lDdOneieb3rHwtz6gOvocXgoWdbMc40zPyTcAEcdNoJBpdwONWg--sAjVzSBMuK34hSxdKrrcpBrjl0ZXBPkD4kewMVk7T347pS1ikceFF4siF3sSiaC-G8qiT4vvidqydRoIm8cF944hMX_wfOFVcg4c5cf-uD5hGdPu8gxjwhii8ExjIqFgteLqqo_d7Wz3gYLJHTBywNSTXjeh51bm7myhuZN8wEM9Z3KDZaobKWe8ZXqsBYY7xEczbCWwl-zIFBlFMD3Y4gGvigo58J5kXd932xEL4_-hW76Ps.3jbkgg3DDvyjxWoGyxS5eU5gvlGO-VEYRLnqWEauw3w%26dib_tag%3Dse%26keywords%3Dmesa%26qid%3D1749140238%26sr%3D8-2-spons%26ufe%3Dapp_do%253Aamzn1.fos.a492fd4a-f54d-4e8d-8c31-35e0a04ce61e%26sp_csd%3Dd2lkZ2V0TmFtZT1zcF9hdGY%26psc%3D1,"R$349
,
90"
"segunda-feira, 16 de jun.",MESA COM AJUSTE DE ALTURA - MK-1275B,https://www.amazon.com.br/sspa/click?ie=UTF8&spc=MTozNTE2MTc0Njk1ODU1ODc6MTc0OTE0MDIzODpzcF9hdGY6MzAwMTQ0NDM5Nzc0MTAyOjowOjo&url=%2FMESA-COM-AJUSTE-ALTURA-MK-1275B%2Fdp%2FB0CWJ2L12G%2Fref%3Dsr_1_3_sspa%3Fdib%3DeyJ2IjoiMSJ9.PVcH5lDdOneieb3rHwtz6gOvocXgoWdbMc40zPyTcAEcdNoJBpdwONWg--sAjVzSBMuK34hSxdKrrcpBrjl0ZXBPkD4kewMVk7T347pS1ikceFF4siF3sSiaC-G8qiT4vvidqydRoIm8cF944hMX_wfOFVcg4c5cf-uD5hGdPu8gxjwhii8ExjIqFgteLqqo_d7Wz3gYLJHTBywNSTXjeh51bm7myhuZN8wEM9Z3KDZaobKWe8ZXqsBYY7xEczbCWwl-zIFBlFMD3Y4gGvigo58J5kXd932xEL4_-hW76Ps.3jbkgg3DDvyjxWoGyxS5eU5gvlGO-VEYRLnqWEauw3w%26dib_tag%3Dse%26keywords%3Dmesa%26qid%3D1749140238%26sr%3D8-3-spons%26ufe%3Dapp_do%253Aamzn1.fos.25548f35-0de7-44b3-b28e-0f56f3f96147%26sp_csd%3Dd2lkZ2V0TmFtZT1zcF9hdGY%26psc%3D1,"R$2.289
,
00"
"segunda-feira, 23 de jun.","Mesa, Mesa para Notebook, Escrivaninha",https://www.amazon.com.br/sspa/click?ie=UTF8&spc=MTozNTE2MTc0Njk1ODU1ODc6MTc0OTE0MDIzODpzcF9hdGY6MzAwNzgyNzk3MjY5MzAyOjowOjo&url=%2FMesa-para-Notebook-Escrivaninha%2Fdp%2FB0DZXYB661%2Fref%3Dsr_1_4_sspa%3Fdib%3DeyJ2IjoiMSJ9.PVcH5lDdOneieb3rHwtz6gOvocXgoWdbMc40zPyTcAEcdNoJBpdwONWg--sAjVzSBMuK34hSxdKrrcpBrjl0ZXBPkD4kewMVk7T347pS1ikceFF4siF3sSiaC-G8qiT4vvidqydRoIm8cF944hMX_wfOFVcg4c5cf-uD5hGdPu8gxjwhii8ExjIqFgteLqqo_d7Wz3gYLJHTBywNSTXjeh51bm7myhuZN8wEM9Z3KDZaobKWe8ZXqsBYY7xEczbCWwl-zIFBlFMD3Y4gGvigo58J5kXd932xEL4_-hW76Ps.3jbkgg3DDvyjxWoGyxS5eU5gvlGO-VEYRLnqWEauw3w%26dib_tag%3Dse%26keywords%3Dmesa%26qid%3D1749140238%26sr%3D8-4-spons%26ufe%3Dapp_do%253Aamzn1.fos.4bb5663b-6f7d-4772-84fa-7c7f565ec65b%26sp_csd%3Dd2lkZ2V0TmFtZT1zcF9hdGY%26psc%3D1,"R$359
,
99"
"sexta-feira, 27 de jun.",Escrivaninha Trevalla Kuadra Me150-E10 Industrial 150cm Preto Onix,https://www.amazon.com.br/Escrit%C3%B3rio-Diretor-Estilo-Industrial-Kuadra/dp/B089Y3S71L/ref=sr_1_5?dib=eyJ2IjoiMSJ9.PVcH5lDdOneieb3rHwtz6gOvocXgoWdbMc40zPyTcAEcdNoJBpdwONWg--sAjVzSBMuK34hSxdKrrcpBrjl0ZXBPkD4kewMVk7T347pS1ikceFF4siF3sSiaC-G8qiT4vvidqydRoIm8cF944hMX_wfOFVcg4c5cf-uD5hGdPu8gxjwhii8ExjIqFgteLqqo_d7Wz3gYLJHTBywNSTXjeh51bm7myhuZN8wEM9Z3KDZaobKWe8ZXqsBYY7xEczbCWwl-zIFBlFMD3Y4gGvigo58J5kXd932xEL4_-hW76Ps.3jbkgg3DDvyjxWoGyxS5eU5gvlGO-VEYRLnqWEauw3w&dib_tag=se&keywords=mesa&qid=1749140238&sr=8-5&ufe=app_do%3Aamzn1.fos.fcd6d665-32ba-4479-9f21-b774e276a678,
"sexta-feira, 27 de jun.","Mesa para Escritório Office Estilo Industrial 1,35m, Compace, Kuadra, Nogal / Est.Preta",https://www.amazon.com.br/Escrit%C3%B3rio-Office-Estilo-Industrial-Kuadra/dp/B089Y5NKDR/ref=sr_1_6?dib=eyJ2IjoiMSJ9.PVcH5lDdOneieb3rHwtz6gOvocXgoWdbMc40zPyTcAEcdNoJBpdwONWg--sAjVzSBMuK34hSxdKrrcpBrjl0ZXBPkD4kewMVk7T347pS1ikceFF4siF3sSiaC-G8qiT4vvidqydRoIm8cF944hMX_wfOFVcg4c5cf-uD5hGdPu8gxjwhii8ExjIqFgteLqqo_d7Wz3gYLJHTBywNSTXjeh51bm7myhuZN8wEM9Z3KDZaobKWe8ZXqsBYY7xEczbCWwl-zIFBlFMD3Y4gGvigo58J5kXd932xEL4_-hW76Ps.3jbkgg3DDvyjxWoGyxS5eU5gvlGO-VEYRLnqWEauw3w&dib_tag=se&keywords=mesa&qid=1749140238&sr=8-6&ufe=app_do%3Aamzn1.fos.fcd6d665-32ba-4479-9f21-b774e276a678,"R$245
,
90"
"sexta-feira, 27 de jun.","Mesa de Escritório em L Estilo Industrial 1,50mX1,50m Kuadra, Compace, Preto Ônix / Est.Preta",https://www.amazon.com.br/Mesa-Escrit%C3%B3rio-Estilo-Industrial-Kuadra/dp/B089Y4SNJZ/ref=sr_1_7?dib=eyJ2IjoiMSJ9.PVcH5lDdOneieb3rHwtz6gOvocXgoWdbMc40zPyTcAEcdNoJBpdwONWg--sAjVzSBMuK34hSxdKrrcpBrjl0ZXBPkD4kewMVk7T347pS1ikceFF4siF3sSiaC-G8qiT4vvidqydRoIm8cF944hMX_wfOFVcg4c5cf-uD5hGdPu8gxjwhii8ExjIqFgteLqqo_d7Wz3gYLJHTBywNSTXjeh51bm7myhuZN8wEM9Z3KDZaobKWe8ZXqsBYY7xEczbCWwl-zIFBlFMD3Y4gGvigo58J5kXd932xEL4_-hW76Ps.3jbkgg3DDvyjxWoGyxS5eU5gvlGO-VEYRLnqWEauw3w&dib_tag=se&keywords=mesa&qid=1749140238&sr=8-7&ufe=app_do%3Aamzn1.fos.e05b01e0-91a7-477e-a514-15a32325a6d6,"R$379
,
98"
"sexta-feira, 27 de jun.",Mesa Dynamica Diretor 180X60X75cm,https://www.amazon.com.br/Compace-Desing-DYME6180-EP-Dynamica-180X60X75cm/dp/B0BQ3R8YST/ref=sr_1_8?dib=eyJ2IjoiMSJ9.PVcH5lDdOneieb3rHwtz6gOvocXgoWdbMc40zPyTcAEcdNoJBpdwONWg--sAjVzSBMuK34hSxdKrrcpBrjl0ZXBPkD4kewMVk7T347pS1ikceFF4siF3sSiaC-G8qiT4vvidqydRoIm8cF944hMX_wfOFVcg4c5cf-uD5hGdPu8gxjwhii8ExjIqFgteLqqo_d7Wz3gYLJHTBywNSTXjeh51bm7myhuZN8wEM9Z3KDZaobKWe8ZXqsBYY7xEczbCWwl-zIFBlFMD3Y4gGvigo58J5kXd932xEL4_-hW76Ps.3jbkgg3DDvyjxWoGyxS5eU5gvlGO-VEYRLnqWEauw3w&dib_tag=se&keywords=mesa&qid=1749140238&sr=8-8&ufe=app_do%3Aamzn1.fos.fcd6d665-32ba-4479-9f21-b774e276a678,"R$343
,
90"
"quinta-feira, 26 de jun.",Mesa Home Office C/prateleiras De Metal E&A - Preto/Canela,https://www.amazon.com.br/Mesa-Home-Office-prateleiras-Metal/dp/B0CYN9P8G8/ref=sr_1_9?dib=eyJ2IjoiMSJ9.PVcH5lDdOneieb3rHwtz6gOvocXgoWdbMc40zPyTcAEcdNoJBpdwONWg--sAjVzSBMuK34hSxdKrrcpBrjl0ZXBPkD4kewMVk7T347pS1ikceFF4siF3sSiaC-G8qiT4vvidqydRoIm8cF944hMX_wfOFVcg4c5cf-uD5hGdPu8gxjwhii8ExjIqFgteLqqo_d7Wz3gYLJHTBywNSTXjeh51bm7myhuZN8wEM9Z3KDZaobKWe8ZXqsBYY7xEczbCWwl-zIFBlFMD3Y4gGvigo58J5kXd932xEL4_-hW76Ps.3jbkgg3DDvyjxWoGyxS5eU5gvlGO-VEYRLnqWEauw3w&dib_tag=se&keywords=mesa&qid=1749140238&sr=8-9&ufe=app_do%3Aamzn1.fos.fcd6d665-32ba-4479-9f21-b774e276a678,"R$235
,
32"
"sexta-feira, 27 de jun.",Mesa Kuadra Diretor 180X70X75cm,https://www.amazon.com.br/Compace-Desing-KUME7180-EP-Diretor-180X70X75cm/dp/B0BQ3PB9N2/ref=sr_1_10?dib=eyJ2IjoiMSJ9.PVcH5lDdOneieb3rHwtz6gOvocXgoWdbMc40zPyTcAEcdNoJBpdwONWg--sAjVzSBMuK34hSxdKrrcpBrjl0ZXBPkD4kewMVk7T347pS1ikceFF4siF3sSiaC-G8qiT4vvidqydRoIm8cF944hMX_wfOFVcg4c5cf-uD5hGdPu8gxjwhii8ExjIqFgteLqqo_d7Wz3gYLJHTBywNSTXjeh51bm7myhuZN8wEM9Z3KDZaobKWe8ZXqsBYY7xEczbCWwl-zIFBlFMD3Y4gGvigo58J5kXd932xEL4_-hW76Ps.3jbkgg3DDvyjxWoGyxS5eU5gvlGO-VEYRLnqWEauw3w&dib_tag=se&keywords=mesa&qid=1749140238&sr=8-10&ufe=app_do%3Aamzn1.fos.e05b01e0-91a7-477e-a514-15a32325a6d6,"R$427
,
90"
"segunda-feira, 16 de jun.",Escrivaninha Sem Gavetas 70 cm x 40 cm Branca Para Escritório 100% MDF,https://www.amazon.com.br/Escrivaninha-Gavetas-Branca-Para-Escrit%C3%B3rio/dp/B0D98NN1TV/ref=sr_1_11?dib=eyJ2IjoiMSJ9.PVcH5lDdOneieb3rHwtz6gOvocXgoWdbMc40zPyTcAEcdNoJBpdwONWg--sAjVzSBMuK34hSxdKrrcpBrjl0ZXBPkD4kewMVk7T347pS1ikceFF4siF3sSiaC-G8qiT4vvidqydRoIm8cF944hMX_wfOFVcg4c5cf-uD5hGdPu8gxjwhii8ExjIqFgteLqqo_d7Wz3gYLJHTBywNSTXjeh51bm7myhuZN8wEM9Z3KDZaobKWe8ZXqsBYY7xEczbCWwl-zIFBlFMD3Y4gGvigo58J5kXd932xEL4_-hW76Ps.3jbkgg3DDvyjxWoGyxS5eU5gvlGO-VEYRLnqWEauw3w&dib_tag=se&keywords=mesa&qid=1749140238&sr=8-11&ufe=app_do%3Aamzn1.fos.6d798eae-cadf-45de-946a-f477d47705b9,"R$89
,
98"
"sexta-feira, 27 de jun.","Compace Desing, Escrivaninha com Estante Baixa 2 Prateleiras 1,50m Dynamica",https://www.amazon.com.br/Escrivaninha-Estante-Baixa-Prateleiras-Dynamica/dp/B09MWFCMLG/ref=sr_1_12?dib=eyJ2IjoiMSJ9.PVcH5lDdOneieb3rHwtz6gOvocXgoWdbMc40zPyTcAEcdNoJBpdwONWg--sAjVzSBMuK34hSxdKrrcpBrjl0ZXBPkD4kewMVk7T347pS1ikceFF4siF3sSiaC-G8qiT4vvidqydRoIm8cF944hMX_wfOFVcg4c5cf-uD5hGdPu8gxjwhii8ExjIqFgteLqqo_d7Wz3gYLJHTBywNSTXjeh51bm7myhuZN8wEM9Z3KDZaobKWe8ZXqsBYY7xEczbCWwl-zIFBlFMD3Y4gGvigo58J5kXd932xEL4_-hW76Ps.3jbkgg3DDvyjxWoGyxS5eU5gvlGO-VEYRLnqWEauw3w&dib_tag=se&keywords=mesa&qid=1749140238&sr=8-12&ufe=app_do%3Aamzn1.fos.fcd6d665-32ba-4479-9f21-b774e276a678,"R$320
,
90"
"quarta-feira, 18 de jun.",Escrivaninha Industrial 90cm Trevalla Kuadra ME90-E10 Preto Onix,https://www.amazon.com.br/Escrit%C3%B3rio-Office-Estilo-Industrial-Kuadra/dp/B089XXZCLK/ref=sr_1_13?dib=eyJ2IjoiMSJ9.PVcH5lDdOneieb3rHwtz6gOvocXgoWdbMc40zPyTcAEcdNoJBpdwONWg--sAjVzSBMuK34hSxdKrrcpBrjl0ZXBPkD4kewMVk7T347pS1ikceFF4siF3sSiaC-G8qiT4vvidqydRoIm8cF944hMX_wfOFVcg4c5cf-uD5hGdPu8gxjwhii8ExjIqFgteLqqo_d7Wz3gYLJHTBywNSTXjeh51bm7myhuZN8wEM9Z3KDZaobKWe8ZXqsBYY7xEczbCWwl-zIFBlFMD3Y4gGvigo58J5kXd932xEL4_-hW76Ps.3jbkgg3DDvyjxWoGyxS5eU5gvlGO-VEYRLnqWEauw3w&dib_tag=se&keywords=mesa&qid=1749140238&sr=8-13&ufe=app_do%3Aamzn1.fos.fcd6d665-32ba-4479-9f21-b774e276a678,"R$220
,
90"
"sexta-feira, 27 de jun.","Escrivaninha com Estante Alta 4 Prateleiras 1,50m Dynamica",https://www.amazon.com.br/Escrivaninha-Estante-Alta-Prateleiras-Dynamica/dp/B09MSQRR9Z/ref=sr_1_14?dib=eyJ2IjoiMSJ9.PVcH5lDdOneieb3rHwtz6gOvocXgoWdbMc40zPyTcAEcdNoJBpdwONWg--sAjVzSBMuK34hSxdKrrcpBrjl0ZXBPkD4kewMVk7T347pS1ikceFF4siF3sSiaC-G8qiT4vvidqydRoIm8cF944hMX_wfOFVcg4c5cf-uD5hGdPu8gxjwhii8ExjIqFgteLqqo_d7Wz3gYLJHTBywNSTXjeh51bm7myhuZN8wEM9Z3KDZaobKWe8ZXqsBYY7xEczbCWwl-zIFBlFMD3Y4gGvigo58J5kXd932xEL4_-hW76Ps.3jbkgg3DDvyjxWoGyxS5eU5gvlGO-VEYRLnqWEauw3w&dib_tag=se&keywords=mesa&qid=1749140238&sr=8-14&ufe=app_do%3Aamzn1.fos.e05b01e0-91a7-477e-a514-15a32325a6d6,"R$405
,
90"
"sexta-feira, 27 de jun.","Mesa para Escritório Office Estilo Industrial 1,20m, Compace, Kuadra, Nogal/Est. Preta",https://www.amazon.com.br/Escrit%C3%B3rio-Office-Estilo-Industrial-Kuadra/dp/B089Y7F6GR/ref=sr_1_15?dib=eyJ2IjoiMSJ9.PVcH5lDdOneieb3rHwtz6gOvocXgoWdbMc40zPyTcAEcdNoJBpdwONWg--sAjVzSBMuK34hSxdKrrcpBrjl0ZXBPkD4kewMVk7T347pS1ikceFF4siF3sSiaC-G8qiT4vvidqydRoIm8cF944hMX_wfOFVcg4c5cf-uD5hGdPu8gxjwhii8ExjIqFgteLqqo_d7Wz3gYLJHTBywNSTXjeh51bm7myhuZN8wEM9Z3KDZaobKWe8ZXqsBYY7xEczbCWwl-zIFBlFMD3Y4gGvigo58J5kXd932xEL4_-hW76Ps.3jbkgg3DDvyjxWoGyxS5eU5gvlGO-VEYRLnqWEauw3w&dib_tag=se&keywords=mesa&qid=1749140238&sr=8-15&ufe=app_do%3Aamzn1.fos.fcd6d665-32ba-4479-9f21-b774e276a678,"R$240
,
98"
"sexta-feira, 27 de jun.",Escrivaninha com Estante Lateral MATCH cor Preto/Pinho - Artely,https://www.amazon.com.br/Escrivaninha-Match-Artely-Pinho-Preto/dp/B08YP35XRT/ref=sr_1_16?dib=eyJ2IjoiMSJ9.PVcH5lDdOneieb3rHwtz6gOvocXgoWdbMc40zPyTcAEcdNoJBpdwONWg--sAjVzSBMuK34hSxdKrrcpBrjl0ZXBPkD4kewMVk7T347pS1ikceFF4siF3sSiaC-G8qiT4vvidqydRoIm8cF944hMX_wfOFVcg4c5cf-uD5hGdPu8gxjwhii8ExjIqFgteLqqo_d7Wz3gYLJHTBywNSTXjeh51bm7myhuZN8wEM9Z3KDZaobKWe8ZXqsBYY7xEczbCWwl-zIFBlFMD3Y4gGvigo58J5kXd932xEL4_-hW76Ps.3jbkgg3DDvyjxWoGyxS5eU5gvlGO-VEYRLnqWEauw3w&dib_tag=se&keywords=mesa&qid=1749140238&sr=8-16&ufe=app_do%3Aamzn1.fos.fcd6d665-32ba-4479-9f21-b774e276a678,
"segunda-feira, 23 de jun.","Escrivaninha Para Escritório Office 0,90m Dynamica",https://www.amazon.com.br/Escrivaninha-Para-Escrit%C3%B3rio-Office-Dynamica/dp/B09HRBN9KL/ref=sr_1_17?dib=eyJ2IjoiMSJ9.PVcH5lDdOneieb3rHwtz6gOvocXgoWdbMc40zPyTcAEcdNoJBpdwONWg--sAjVzSBMuK34hSxdKrrcpBrjl0ZXBPkD4kewMVk7T347pS1ikceFF4siF3sSiaC-G8qiT4vvidqydRoIm8cF944hMX_wfOFVcg4c5cf-uD5hGdPu8gxjwhii8ExjIqFgteLqqo_d7Wz3gYLJHTBywNSTXjeh51bm7myhuZN8wEM9Z3KDZaobKWe8ZXqsBYY7xEczbCWwl-zIFBlFMD3Y4gGvigo58J5kXd932xEL4_-hW76Ps.3jbkgg3DDvyjxWoGyxS5eU5gvlGO-VEYRLnqWEauw3w&dib_tag=se&keywords=mesa&qid=1749140238&sr=8-17&ufe=app_do%3Aamzn1.fos.fcd6d665-32ba-4479-9f21-b774e276a678,"R$180
,
90"
"sexta-feira, 27 de jun.","Escrivaninha para Escritório Office 1,20m Dynamica",https://www.amazon.com.br/Escrivaninha-para-Escrit%C3%B3rio-Office-Dynamica/dp/B09HR9WD14/ref=sr_1_18?dib=eyJ2IjoiMSJ9.PVcH5lDdOneieb3rHwtz6gOvocXgoWdbMc40zPyTcAEcdNoJBpdwONWg--sAjVzSBMuK34hSxdKrrcpBrjl0ZXBPkD4kewMVk7T347pS1ikceFF4siF3sSiaC-G8qiT4vvidqydRoIm8cF944hMX_wfOFVcg4c5cf-uD5hGdPu8gxjwhii8ExjIqFgteLqqo_d7Wz3gYLJHTBywNSTXjeh51bm7myhuZN8wEM9Z3KDZaobKWe8ZXqsBYY7xEczbCWwl-zIFBlFMD3Y4gGvigo58J5kXd932xEL4_-hW76Ps.3jbkgg3DDvyjxWoGyxS5eU5gvlGO-VEYRLnqWEauw3w&dib_tag=se&keywords=mesa&qid=1749140238&sr=8-18&ufe=app_do%3Aamzn1.fos.fcd6d665-32ba-4479-9f21-b774e276a678,"R$202
,
90"
"segunda-feira, 23 de jun.",Mesa de Escritório com 01 Gaveta para Notebook e Computador Vitória (Branco),https://www.amazon.com.br/Escrit%C3%B3rio-Gaveta-Notebook-Computador-Vit%C3%B3ria/dp/B0DWTTV2W4/ref=sr_1_19?dib=eyJ2IjoiMSJ9.PVcH5lDdOneieb3rHwtz6gOvocXgoWdbMc40zPyTcAEcdNoJBpdwONWg--sAjVzSBMuK34hSxdKrrcpBrjl0ZXBPkD4kewMVk7T347pS1ikceFF4siF3sSiaC-G8qiT4vvidqydRoIm8cF944hMX_wfOFVcg4c5cf-uD5hGdPu8gxjwhii8ExjIqFgteLqqo_d7Wz3gYLJHTBywNSTXjeh51bm7myhuZN8wEM9Z3KDZaobKWe8ZXqsBYY7xEczbCWwl-zIFBlFMD3Y4gGvigo58J5kXd932xEL4_-hW76Ps.3jbkgg3DDvyjxWoGyxS5eU5gvlGO-VEYRLnqWEauw3w&dib_tag=se&keywords=mesa&qid=1749140238&sr=8-19&ufe=app_do%3Aamzn1.fos.a492fd4a-f54d-4e8d-8c31-35e0a04ce61e,"R$161
,
99"
"quinta-feira, 12 de jun.","Mesa Estilo Industrial Guto 1,35 Metros Escritório Escrivaninha Computador Camaleão (Preto)",https://www.amazon.com.br/Industrial-Escrit%C3%B3rio-Escrivaninha-Computador-Camale%C3%A3o/dp/B0DG367DW3/ref=sr_1_20?dib=eyJ2IjoiMSJ9.PVcH5lDdOneieb3rHwtz6gOvocXgoWdbMc40zPyTcAEcdNoJBpdwONWg--sAjVzSBMuK34hSxdKrrcpBrjl0ZXBPkD4kewMVk7T347pS1ikceFF4siF3sSiaC-G8qiT4vvidqydRoIm8cF944hMX_wfOFVcg4c5cf-uD5hGdPu8gxjwhii8ExjIqFgteLqqo_d7Wz3gYLJHTBywNSTXjeh51bm7myhuZN8wEM9Z3KDZaobKWe8ZXqsBYY7xEczbCWwl-zIFBlFMD3Y4gGvigo58J5kXd932xEL4_-hW76Ps.3jbkgg3DDvyjxWoGyxS5eU5gvlGO-VEYRLnqWEauw3w&dib_tag=se&keywords=mesa&qid=1749140238&sr=8-20&ufe=app_do%3Aamzn1.fos.fcd6d665-32ba-4479-9f21-b774e276a678,"R$182
,
99"
"quinta-feira, 26 de jun.",Mesa para Computador Gamer em L 3 Gavetas Branco/rustic Lisboa Madesa,https://www.amazon.com.br/sspa/click?ie=UTF8&spc=MTozNTE2MTc0Njk1ODU1ODc6MTc0OTE0MDIzODpzcF9tdGY6MzAwNzEyNTkxNzU1NDAyOjowOjo&url=%2FComputador-Gavetas-Branco-rustic-Madesa%2Fdp%2FB0F2GQS2XQ%2Fref%3Dsr_1_21_sspa%3Fdib%3DeyJ2IjoiMSJ9.PVcH5lDdOneieb3rHwtz6gOvocXgoWdbMc40zPyTcAEcdNoJBpdwONWg--sAjVzSBMuK34hSxdKrrcpBrjl0ZXBPkD4kewMVk7T347pS1ikceFF4siF3sSiaC-G8qiT4vvidqydRoIm8cF944hMX_wfOFVcg4c5cf-uD5hGdPu8gxjwhii8ExjIqFgteLqqo_d7Wz3gYLJHTBywNSTXjeh51bm7myhuZN8wEM9Z3KDZaobKWe8ZXqsBYY7xEczbCWwl-zIFBlFMD3Y4gGvigo58J5kXd932xEL4_-hW76Ps.3jbkgg3DDvyjxWoGyxS5eU5gvlGO-VEYRLnqWEauw3w%26dib_tag%3Dse%26keywords%3Dmesa%26qid%3D1749140238%26sr%3D8-21-spons%26ufe%3Dapp_do%253Aamzn1.fos.25548f35-0de7-44b3-b28e-0f56f3f96147%26sp_csd%3Dd2lkZ2V0TmFtZT1zcF9tdGY%26psc%3D1,"R$519
,
99"
"quinta-feira, 26 de jun.",Mesa para Computador Gamer Madesa 9409 - Preto,https://www.amazon.com.br/sspa/click?ie=UTF8&spc=MTozNTE2MTc0Njk1ODU1ODc6MTc0OTE0MDIzODpzcF9tdGY6MjAwMDg5ODQxMDMxOTExOjowOjo&url=%2FMesa-Gamer-Madesa-9409-Preto%2Fdp%2FB08LQRYBNV%2Fref%3Dsr_1_22_sspa%3Fdib%3DeyJ2IjoiMSJ9.PVcH5lDdOneieb3rHwtz6gOvocXgoWdbMc40zPyTcAEcdNoJBpdwONWg--sAjVzSBMuK34hSxdKrrcpBrjl0ZXBPkD4kewMVk7T347pS1ikceFF4siF3sSiaC-G8qiT4vvidqydRoIm8cF944hMX_wfOFVcg4c5cf-uD5hGdPu8gxjwhii8ExjIqFgteLqqo_d7Wz3gYLJHTBywNSTXjeh51bm7myhuZN8wEM9Z3KDZaobKWe8ZXqsBYY7xEczbCWwl-zIFBlFMD3Y4gGvigo58J5kXd932xEL4_-hW76Ps.3jbkgg3DDvyjxWoGyxS5eU5gvlGO-VEYRLnqWEauw3w%26dib_tag%3Dse%26keywords%3Dmesa%26qid%3D1749140238%26sr%3D8-22-spons%26ufe%3Dapp_do%253Aamzn1.fos.fcd6d665-32ba-4479-9f21-b774e276a678%26sp_csd%3Dd2lkZ2V0TmFtZT1zcF9tdGY%26psc%3D1,"R$296
,
99"
"quinta-feira, 26 de jun.",Mesa para Computador Gamer Madesa 9409 - Branco,https://www.amazon.com.br/sspa/click?ie=UTF8&spc=MTozNTE2MTc0Njk1ODU1ODc6MTc0OTE0MDIzODpzcF9tdGY6MjAwMDg5ODQxMDMxODExOjowOjo&url=%2FMesa-Gamer-Madesa-9409-Branco%2Fdp%2FB08LQSJQYP%2Fref%3Dsr_1_23_sspa%3Fdib%3DeyJ2IjoiMSJ9.PVcH5lDdOneieb3rHwtz6gOvocXgoWdbMc40zPyTcAEcdNoJBpdwONWg--sAjVzSBMuK34hSxdKrrcpBrjl0ZXBPkD4kewMVk7T347pS1ikceFF4siF3sSiaC-G8qiT4vvidqydRoIm8cF944hMX_wfOFVcg4c5cf-uD5hGdPu8gxjwhii8ExjIqFgteLqqo_d7Wz3gYLJHTBywNSTXjeh51bm7myhuZN8wEM9Z3KDZaobKWe8ZXqsBYY7xEczbCWwl-zIFBlFMD3Y4gGvigo58J5kXd932xEL4_-hW76Ps.3jbkgg3DDvyjxWoGyxS5eU5gvlGO-VEYRLnqWEauw3w%26dib_tag%3Dse%26keywords%3Dmesa%26qid%3D1749140238%26sr%3D8-23-spons%26ufe%3Dapp_do%253Aamzn1.fos.fcd6d665-32ba-4479-9f21-b774e276a678%26sp_csd%3Dd2lkZ2V0TmFtZT1zcF9tdGY%26psc%3D1,"R$329
,
99"
"quinta-feira, 3 de jul.",Mesa para Computador Gamer em L 3 Gavetas Branco Lisboa Madesa,https://www.amazon.com.br/sspa/click?ie=UTF8&spc=MTozNTE2MTc0Njk1ODU1ODc6MTc0OTE0MDIzODpzcF9tdGY6MzAwNzUyMzE0ODU3MjAyOjowOjo&url=%2FComputador-Gavetas-Branco-Lisboa-Madesa%2Fdp%2FB0F2GDKTQ2%2Fref%3Dsr_1_24_sspa%3Fdib%3DeyJ2IjoiMSJ9.PVcH5lDdOneieb3rHwtz6gOvocXgoWdbMc40zPyTcAEcdNoJBpdwONWg--sAjVzSBMuK34hSxdKrrcpBrjl0ZXBPkD4kewMVk7T347pS1ikceFF4siF3sSiaC-G8qiT4vvidqydRoIm8cF944hMX_wfOFVcg4c5cf-uD5hGdPu8gxjwhii8ExjIqFgteLqqo_d7Wz3gYLJHTBywNSTXjeh51bm7myhuZN8wEM9Z3KDZaobKWe8ZXqsBYY7xEczbCWwl-zIFBlFMD3Y4gGvigo58J5kXd932xEL4_-hW76Ps.3jbkgg3DDvyjxWoGyxS5eU5gvlGO-VEYRLnqWEauw3w%26dib_tag%3Dse%26keywords%3Dmesa%26qid%3D1749140238%26sr%3D8-24-spons%26ufe%3Dapp_do%253Aamzn1.fos.25548f35-0de7-44b3-b28e-0f56f3f96147%26sp_csd%3Dd2lkZ2V0TmFtZT1zcF9tdGY%26psc%3D1,"R$519
,
99"
"sexta-feira, 20 de jun.","Escrivaninha Industrial com Regulagem de Tamanho, Pés de Metal, 2 Gavetas - Plus Artany - Preto com Freijó",https://www.amazon.com.br/escrit%C3%B3rio-Escrivaninha-gavetas-Preto-Freijo/dp/B09MCDSFC4/ref=sr_1_25?dib=eyJ2IjoiMSJ9.PVcH5lDdOneieb3rHwtz6gOvocXgoWdbMc40zPyTcAEcdNoJBpdwONWg--sAjVzSBMuK34hSxdKrrcpBrjl0ZXBPkD4kewMVk7T347pS1ikceFF4siF3sSiaC-G8qiT4vvidqydRoIm8cF944hMX_wfOFVcg4c5cf-uD5hGdPu8gxjwhii8ExjIqFgteLqqo_d7Wz3gYLJHTBywNSTXjeh51bm7myhuZN8wEM9Z3KDZaobKWe8ZXqsBYY7xEczbCWwl-zIFBlFMD3Y4gGvigo58J5kXd932xEL4_-hW76Ps.3jbkgg3DDvyjxWoGyxS5eU5gvlGO-VEYRLnqWEauw3w&dib_tag=se&keywords=mesa&qid=1749140238&sr=8-25&ufe=app_do%3Aamzn1.fos.25548f35-0de7-44b3-b28e-0f56f3f96147,"R$539
,
99"
"quinta-feira, 26 de jun.",VIA NOSSA - Mesa de Escritório Berlin - Vianossa Cor:off White/naturale,https://www.amazon.com.br/Mesa-Escrit%C3%B3rio-Berlin-Vianossa-naturale/dp/B09ZCKD3HD/ref=sr_1_26?dib=eyJ2IjoiMSJ9.PVcH5lDdOneieb3rHwtz6gOvocXgoWdbMc40zPyTcAEcdNoJBpdwONWg--sAjVzSBMuK34hSxdKrrcpBrjl0ZXBPkD4kewMVk7T347pS1ikceFF4siF3sSiaC-G8qiT4vvidqydRoIm8cF944hMX_wfOFVcg4c5cf-uD5hGdPu8gxjwhii8ExjIqFgteLqqo_d7Wz3gYLJHTBywNSTXjeh51bm7myhuZN8wEM9Z3KDZaobKWe8ZXqsBYY7xEczbCWwl-zIFBlFMD3Y4gGvigo58J5kXd932xEL4_-hW76Ps.3jbkgg3DDvyjxWoGyxS5eU5gvlGO-VEYRLnqWEauw3w&dib_tag=se&keywords=mesa&qid=1749140238&sr=8-26&ufe=app_do%3Aamzn1.fos.fcd6d665-32ba-4479-9f21-b774e276a678,"R$259
,
00"
"segunda-feira, 23 de jun.",Mesa Escrivaninha Para Computador Escritório Pc gamer (preto/azul),https://www.amazon.com.br/Escrivaninha-Computador-Escrit%C3%B3rio-gamer-preto/dp/B0D15W3FSY/ref=sr_1_27?dib=eyJ2IjoiMSJ9.PVcH5lDdOneieb3rHwtz6gOvocXgoWdbMc40zPyTcAEcdNoJBpdwONWg--sAjVzSBMuK34hSxdKrrcpBrjl0ZXBPkD4kewMVk7T347pS1ikceFF4siF3sSiaC-G8qiT4vvidqydRoIm8cF944hMX_wfOFVcg4c5cf-uD5hGdPu8gxjwhii8ExjIqFgteLqqo_d7Wz3gYLJHTBywNSTXjeh51bm7myhuZN8wEM9Z3KDZaobKWe8ZXqsBYY7xEczbCWwl-zIFBlFMD3Y4gGvigo58J5kXd932xEL4_-hW76Ps.3jbkgg3DDvyjxWoGyxS5eU5gvlGO-VEYRLnqWEauw3w&dib_tag=se&keywords=mesa&qid=1749140238&sr=8-27&ufe=app_do%3Aamzn1.fos.db68964d-7c0e-4bb2-a95c-e5cb9e32eb12,"R$169
,
99"
"segunda-feira, 23 de jun.","Mesa ajustável dobrável, mesa de cabeceira multifunctional, mesa de notebook lateral com ajuste de altura (Nogueira)",https://www.amazon.com.br/ajust%C3%A1vel-dobr%C3%A1vel-cabeceira-multifunctional-notebook/dp/B0CSSGB7D9/ref=sr_1_28?dib=eyJ2IjoiMSJ9.PVcH5lDdOneieb3rHwtz6gOvocXgoWdbMc40zPyTcAEcdNoJBpdwONWg--sAjVzSBMuK34hSxdKrrcpBrjl0ZXBPkD4kewMVk7T347pS1ikceFF4siF3sSiaC-G8qiT4vvidqydRoIm8cF944hMX_wfOFVcg4c5cf-uD5hGdPu8gxjwhii8ExjIqFgteLqqo_d7Wz3gYLJHTBywNSTXjeh51bm7myhuZN8wEM9Z3KDZaobKWe8ZXqsBYY7xEczbCWwl-zIFBlFMD3Y4gGvigo58J5kXd932xEL4_-hW76Ps.3jbkgg3DDvyjxWoGyxS5eU5gvlGO-VEYRLnqWEauw3w&dib_tag=se&keywords=mesa&qid=1749140238&sr=8-28&ufe=app_do%3Aamzn1.fos.db68964d-7c0e-4bb2-a95c-e5cb9e32eb12,"R$159
,
99"
"sexta-feira, 20 de jun.",Mesa Para Computador Gamer Preto Carraro,https://www.amazon.com.br/Mesa-Computador-Gamer-Preto-Carraro/dp/B0CYT96LXT/ref=sr_1_29?dib=eyJ2IjoiMSJ9.PVcH5lDdOneieb3rHwtz6gOvocXgoWdbMc40zPyTcAEcdNoJBpdwONWg--sAjVzSBMuK34hSxdKrrcpBrjl0ZXBPkD4kewMVk7T347pS1ikceFF4siF3sSiaC-G8qiT4vvidqydRoIm8cF944hMX_wfOFVcg4c5cf-uD5hGdPu8gxjwhii8ExjIqFgteLqqo_d7Wz3gYLJHTBywNSTXjeh51bm7myhuZN8wEM9Z3KDZaobKWe8ZXqsBYY7xEczbCWwl-zIFBlFMD3Y4gGvigo58J5kXd932xEL4_-hW76Ps.3jbkgg3DDvyjxWoGyxS5eU5gvlGO-VEYRLnqWEauw3w&dib_tag=se&keywords=mesa&qid=1749140238&sr=8-29&ufe=app_do%3Aamzn1.fos.fcd6d665-32ba-4479-9f21-b774e276a678,"R$299
,
99"
"terça-feira, 17 de jun.","Escrivaninha com Estante Baixa 2 Prateleiras 1,50m Dynamica",https://www.amazon.com.br/Escrivaninha-Estante-Baixa-Prateleiras-Dynamica/dp/B09MWHKL2Y/ref=sr_1_30?dib=eyJ2IjoiMSJ9.PVcH5lDdOneieb3rHwtz6gOvocXgoWdbMc40zPyTcAEcdNoJBpdwONWg--sAjVzSBMuK34hSxdKrrcpBrjl0ZXBPkD4kewMVk7T347pS1ikceFF4siF3sSiaC-G8qiT4vvidqydRoIm8cF944hMX_wfOFVcg4c5cf-uD5hGdPu8gxjwhii8ExjIqFgteLqqo_d7Wz3gYLJHTBywNSTXjeh51bm7myhuZN8wEM9Z3KDZaobKWe8ZXqsBYY7xEczbCWwl-zIFBlFMD3Y4gGvigo58J5kXd932xEL4_-hW76Ps.3jbkgg3DDvyjxWoGyxS5eU5gvlGO-VEYRLnqWEauw3w&dib_tag=se&keywords=mesa&qid=1749140238&sr=8-30&ufe=app_do%3Aamzn1.fos.4bb5663b-6f7d-4772-84fa-7c7f565ec65b,"R$380
,
35"
"sexta-feira, 27 de jun.","Escrivaninha para Escritório Office 1,50m Dynamica",https://www.amazon.com.br/Escrivaninha-para-Escrit%C3%B3rio-Office-Dynamica/dp/B09HRBMTPD/ref=sr_1_31?dib=eyJ2IjoiMSJ9.PVcH5lDdOneieb3rHwtz6gOvocXgoWdbMc40zPyTcAEcdNoJBpdwONWg--sAjVzSBMuK34hSxdKrrcpBrjl0ZXBPkD4kewMVk7T347pS1ikceFF4siF3sSiaC-G8qiT4vvidqydRoIm8cF944hMX_wfOFVcg4c5cf-uD5hGdPu8gxjwhii8ExjIqFgteLqqo_d7Wz3gYLJHTBywNSTXjeh51bm7myhuZN8wEM9Z3KDZaobKWe8ZXqsBYY7xEczbCWwl-zIFBlFMD3Y4gGvigo58J5kXd932xEL4_-hW76Ps.3jbkgg3DDvyjxWoGyxS5eU5gvlGO-VEYRLnqWEauw3w&dib_tag=se&keywords=mesa&qid=1749140238&sr=8-31&ufe=app_do%3Aamzn1.fos.fcd6d665-32ba-4479-9f21-b774e276a678,"R$230
,
90"
"quarta-feira, 25 de jun.",Escrivaninha/Mesa de Computador com 1 Gaveta e Prateleira Organizadora para Quarto ou Escritório de Estudo (Branco),https://www.amazon.com.br/Escrivaninha-Computador-Prateleira-Organizadora-Escrit%C3%B3rio/dp/B08N5B4YF4/ref=sr_1_32?dib=eyJ2IjoiMSJ9.PVcH5lDdOneieb3rHwtz6gOvocXgoWdbMc40zPyTcAEcdNoJBpdwONWg--sAjVzSBMuK34hSxdKrrcpBrjl0ZXBPkD4kewMVk7T347pS1ikceFF4siF3sSiaC-G8qiT4vvidqydRoIm8cF944hMX_wfOFVcg4c5cf-uD5hGdPu8gxjwhii8ExjIqFgteLqqo_d7Wz3gYLJHTBywNSTXjeh51bm7myhuZN8wEM9Z3KDZaobKWe8ZXqsBYY7xEczbCWwl-zIFBlFMD3Y4gGvigo58J5kXd932xEL4_-hW76Ps.3jbkgg3DDvyjxWoGyxS5eU5gvlGO-VEYRLnqWEauw3w&dib_tag=se&keywords=mesa&qid=1749140238&sr=8-32&ufe=app_do%3Aamzn1.fos.fcd6d665-32ba-4479-9f21-b774e276a678,"R$185
,
00"
"segunda-feira, 23 de jun.",Escrivaninha Tijuca com 2 Gavetas Branco Politorno,https://www.amazon.com.br/Computador-Escrivaninha-Gavetas-Tijuca-Politorno/dp/B0779H69VF/ref=sr_1_33?dib=eyJ2IjoiMSJ9.PVcH5lDdOneieb3rHwtz6gOvocXgoWdbMc40zPyTcAEcdNoJBpdwONWg--sAjVzSBMuK34hSxdKrrcpBrjl0ZXBPkD4kewMVk7T347pS1ikceFF4siF3sSiaC-G8qiT4vvidqydRoIm8cF944hMX_wfOFVcg4c5cf-uD5hGdPu8gxjwhii8ExjIqFgteLqqo_d7Wz3gYLJHTBywNSTXjeh51bm7myhuZN8wEM9Z3KDZaobKWe8ZXqsBYY7xEczbCWwl-zIFBlFMD3Y4gGvigo58J5kXd932xEL4_-hW76Ps.3jbkgg3DDvyjxWoGyxS5eU5gvlGO-VEYRLnqWEauw3w&dib_tag=se&keywords=mesa&qid=1749140238&sr=8-33&ufe=app_do%3Aamzn1.fos.fcd6d665-32ba-4479-9f21-b774e276a678,"R$197
,
39"
"quinta-feira, 26 de jun.",Mesa para Computador Gamer Madesa 9409 - Preto,https://www.amazon.com.br/Mesa-Gamer-Madesa-9409-Preto/dp/B08LQRYBNV/ref=sr_1_34?dib=eyJ2IjoiMSJ9.PVcH5lDdOneieb3rHwtz6gOvocXgoWdbMc40zPyTcAEcdNoJBpdwONWg--sAjVzSBMuK34hSxdKrrcpBrjl0ZXBPkD4kewMVk7T347pS1ikceFF4siF3sSiaC-G8qiT4vvidqydRoIm8cF944hMX_wfOFVcg4c5cf-uD5hGdPu8gxjwhii8ExjIqFgteLqqo_d7Wz3gYLJHTBywNSTXjeh51bm7myhuZN8wEM9Z3KDZaobKWe8ZXqsBYY7xEczbCWwl-zIFBlFMD3Y4gGvigo58J5kXd932xEL4_-hW76Ps.3jbkgg3DDvyjxWoGyxS5eU5gvlGO-VEYRLnqWEauw3w&dib_tag=se&keywords=mesa&qid=1749140238&sr=8-34&ufe=app_do%3Aamzn1.fos.fcd6d665-32ba-4479-9f21-b774e276a678,"R$296
,
99"
"sexta-feira, 20 de jun.",Escrivaninha Gamer Mesa De Escritorio Com Suporte De Fone Vermelha,https://www.amazon.com.br/Escrivaninha-Gamer-Escritorio-Suporte-Vermelha/dp/B0BQ8JR1VV/ref=sr_1_35?dib=eyJ2IjoiMSJ9.PVcH5lDdOneieb3rHwtz6gOvocXgoWdbMc40zPyTcAEcdNoJBpdwONWg--sAjVzSBMuK34hSxdKrrcpBrjl0ZXBPkD4kewMVk7T347pS1ikceFF4siF3sSiaC-G8qiT4vvidqydRoIm8cF944hMX_wfOFVcg4c5cf-uD5hGdPu8gxjwhii8ExjIqFgteLqqo_d7Wz3gYLJHTBywNSTXjeh51bm7myhuZN8wEM9Z3KDZaobKWe8ZXqsBYY7xEczbCWwl-zIFBlFMD3Y4gGvigo58J5kXd932xEL4_-hW76Ps.3jbkgg3DDvyjxWoGyxS5eU5gvlGO-VEYRLnqWEauw3w&dib_tag=se&keywords=mesa&qid=1749140238&sr=8-35&ufe=app_do%3Aamzn1.fos.db68964d-7c0e-4bb2-a95c-e5cb9e32eb12,"R$169
,
00"
"sexta-feira, 27 de jun.","Compace Desing, Escrivaninha com Estante Alta 4 Prateleiras 1,50m Dynamica",https://www.amazon.com.br/Escrivaninha-Estante-Alta-Prateleiras-Dynamica/dp/B09MSR7S65/ref=sr_1_36?dib=eyJ2IjoiMSJ9.PVcH5lDdOneieb3rHwtz6gOvocXgoWdbMc40zPyTcAEcdNoJBpdwONWg--sAjVzSBMuK34hSxdKrrcpBrjl0ZXBPkD4kewMVk7T347pS1ikceFF4siF3sSiaC-G8qiT4vvidqydRoIm8cF944hMX_wfOFVcg4c5cf-uD5hGdPu8gxjwhii8ExjIqFgteLqqo_d7Wz3gYLJHTBywNSTXjeh51bm7myhuZN8wEM9Z3KDZaobKWe8ZXqsBYY7xEczbCWwl-zIFBlFMD3Y4gGvigo58J5kXd932xEL4_-hW76Ps.3jbkgg3DDvyjxWoGyxS5eU5gvlGO-VEYRLnqWEauw3w&dib_tag=se&keywords=mesa&qid=1749140238&sr=8-36&ufe=app_do%3Aamzn1.fos.e05b01e0-91a7-477e-a514-15a32325a6d6,"R$407
,
90"
"quarta-feira, 2 de jul.",Mesa de Escritório em L 2 Gavetas 3 Nichos Office NT 2060 Notável Móveis,https://www.amazon.com.br/Escrit%C3%B3rio-Gavetas-Nichos-Office-Not%C3%A1vel/dp/B0C7RFPHKT/ref=sr_1_37?dib=eyJ2IjoiMSJ9.PVcH5lDdOneieb3rHwtz6gOvocXgoWdbMc40zPyTcAEcdNoJBpdwONWg--sAjVzSBMuK34hSxdKrrcpBrjl0ZXBPkD4kewMVk7T347pS1ikceFF4siF3sSiaC-G8qiT4vvidqydRoIm8cF944hMX_wfOFVcg4c5cf-uD5hGdPu8gxjwhii8ExjIqFgteLqqo_d7Wz3gYLJHTBywNSTXjeh51bm7myhuZN8wEM9Z3KDZaobKWe8ZXqsBYY7xEczbCWwl-zIFBlFMD3Y4gGvigo58J5kXd932xEL4_-hW76Ps.3jbkgg3DDvyjxWoGyxS5eU5gvlGO-VEYRLnqWEauw3w&dib_tag=se&keywords=mesa&qid=1749140238&sr=8-37&ufe=app_do%3Aamzn1.fos.a492fd4a-f54d-4e8d-8c31-35e0a04ce61e,"R$333
,
31"
"sexta-feira, 27 de jun.",Escrivaninha para Escritório Office 1.50m Dynamica,https://www.amazon.com.br/Escrivaninha-para-Escrit%C3%B3rio-Office-Dynamica/dp/B0BQ3LDY1X/ref=sr_1_38?dib=eyJ2IjoiMSJ9.PVcH5lDdOneieb3rHwtz6gOvocXgoWdbMc40zPyTcAEcdNoJBpdwONWg--sAjVzSBMuK34hSxdKrrcpBrjl0ZXBPkD4kewMVk7T347pS1ikceFF4siF3sSiaC-G8qiT4vvidqydRoIm8cF944hMX_wfOFVcg4c5cf-uD5hGdPu8gxjwhii8ExjIqFgteLqqo_d7Wz3gYLJHTBywNSTXjeh51bm7myhuZN8wEM9Z3KDZaobKWe8ZXqsBYY7xEczbCWwl-zIFBlFMD3Y4gGvigo58J5kXd932xEL4_-hW76Ps.3jbkgg3DDvyjxWoGyxS5eU5gvlGO-VEYRLnqWEauw3w&dib_tag=se&keywords=mesa&qid=1749140238&sr=8-38&ufe=app_do%3Aamzn1.fos.fcd6d665-32ba-4479-9f21-b774e276a678,"R$228
,
90"
"quarta-feira, 2 de jul.",Mesa Gamer Escrivaninha Desk DRX 5000 - Móveis Leão Preto TX/Vermelho,https://www.amazon.com.br/Computador-Gamer-Espresso-M%C3%B3veis-Vermelho/dp/B07YVGHTZJ/ref=sr_1_39?dib=eyJ2IjoiMSJ9.PVcH5lDdOneieb3rHwtz6gOvocXgoWdbMc40zPyTcAEcdNoJBpdwONWg--sAjVzSBMuK34hSxdKrrcpBrjl0ZXBPkD4kewMVk7T347pS1ikceFF4siF3sSiaC-G8qiT4vvidqydRoIm8cF944hMX_wfOFVcg4c5cf-uD5hGdPu8gxjwhii8ExjIqFgteLqqo_d7Wz3gYLJHTBywNSTXjeh51bm7myhuZN8wEM9Z3KDZaobKWe8ZXqsBYY7xEczbCWwl-zIFBlFMD3Y4gGvigo58J5kXd932xEL4_-hW76Ps.3jbkgg3DDvyjxWoGyxS5eU5gvlGO-VEYRLnqWEauw3w&dib_tag=se&keywords=mesa&qid=1749140238&sr=8-39&ufe=app_do%3Aamzn1.fos.a492fd4a-f54d-4e8d-8c31-35e0a04ce61e,"R$333
,
31"
,"Escrivaninha em L, reta ou fechada Tampo com rotação 4 nichos NOMAD Cor Cinamomo/Off White - Artely",https://www.amazon.com.br/Escrivaninha-fechada-rota%C3%A7%C3%A3o-nichos-Cinamomo/dp/B0DQDRSZQW/ref=sr_1_40?dib=eyJ2IjoiMSJ9.PVcH5lDdOneieb3rHwtz6gOvocXgoWdbMc40zPyTcAEcdNoJBpdwONWg--sAjVzSBMuK34hSxdKrrcpBrjl0ZXBPkD4kewMVk7T347pS1ikceFF4siF3sSiaC-G8qiT4vvidqydRoIm8cF944hMX_wfOFVcg4c5cf-uD5hGdPu8gxjwhii8ExjIqFgteLqqo_d7Wz3gYLJHTBywNSTXjeh51bm7myhuZN8wEM9Z3KDZaobKWe8ZXqsBYY7xEczbCWwl-zIFBlFMD3Y4gGvigo58J5kXd932xEL4_-hW76Ps.3jbkgg3DDvyjxWoGyxS5eU5gvlGO-VEYRLnqWEauw3w&dib_tag=se&keywords=mesa&qid=1749140238&sr=8-40,
"terça-feira, 17 de jun.",Escrivaninha Dobrável Fit Prática Home Office Escritório,https://www.amazon.com.br/Escrivaninha-Dobr%C3%A1vel-Pr%C3%A1tica-Office-Escrit%C3%B3rio/dp/B09M42J4M5/ref=sr_1_41?dib=eyJ2IjoiMSJ9.PVcH5lDdOneieb3rHwtz6gOvocXgoWdbMc40zPyTcAEcdNoJBpdwONWg--sAjVzSBMuK34hSxdKrrcpBrjl0ZXBPkD4kewMVk7T347pS1ikceFF4siF3sSiaC-G8qiT4vvidqydRoIm8cF944hMX_wfOFVcg4c5cf-uD5hGdPu8gxjwhii8ExjIqFgteLqqo_d7Wz3gYLJHTBywNSTXjeh51bm7myhuZN8wEM9Z3KDZaobKWe8ZXqsBYY7xEczbCWwl-zIFBlFMD3Y4gGvigo58J5kXd932xEL4_-hW76Ps.3jbkgg3DDvyjxWoGyxS5eU5gvlGO-VEYRLnqWEauw3w&dib_tag=se&keywords=mesa&qid=1749140238&sr=8-41&ufe=app_do%3Aamzn1.fos.fcd6d665-32ba-4479-9f21-b774e276a678,"R$282
,
90"
"quinta-feira, 12 de jun.",Mesa Escritório Estilo Industrial Computador 116 Cm Bia Camaleão (Preto),https://www.amazon.com.br/Escrit%C3%B3rio-Estilo-Industrial-Computador-Camale%C3%A3o/dp/B0DMGN79W7/ref=sr_1_42?dib=eyJ2IjoiMSJ9.PVcH5lDdOneieb3rHwtz6gOvocXgoWdbMc40zPyTcAEcdNoJBpdwONWg--sAjVzSBMuK34hSxdKrrcpBrjl0ZXBPkD4kewMVk7T347pS1ikceFF4siF3sSiaC-G8qiT4vvidqydRoIm8cF944hMX_wfOFVcg4c5cf-uD5hGdPu8gxjwhii8ExjIqFgteLqqo_d7Wz3gYLJHTBywNSTXjeh51bm7myhuZN8wEM9Z3KDZaobKWe8ZXqsBYY7xEczbCWwl-zIFBlFMD3Y4gGvigo58J5kXd932xEL4_-hW76Ps.3jbkgg3DDvyjxWoGyxS5eU5gvlGO-VEYRLnqWEauw3w&dib_tag=se&keywords=mesa&qid=1749140238&sr=8-42&ufe=app_do%3Aamzn1.fos.db68964d-7c0e-4bb2-a95c-e5cb9e32eb12,"R$174
,
99"
"sexta-feira, 27 de jun.",Escrivaninha para Escritório Office 1.20m Dynamica,https://www.amazon.com.br/Escrivaninha-para-Escrit%C3%B3rio-Office-Dynamica/dp/B0BQ491BRR/ref=sr_1_43?dib=eyJ2IjoiMSJ9.PVcH5lDdOneieb3rHwtz6gOvocXgoWdbMc40zPyTcAEcdNoJBpdwONWg--sAjVzSBMuK34hSxdKrrcpBrjl0ZXBPkD4kewMVk7T347pS1ikceFF4siF3sSiaC-G8qiT4vvidqydRoIm8cF944hMX_wfOFVcg4c5cf-uD5hGdPu8gxjwhii8ExjIqFgteLqqo_d7Wz3gYLJHTBywNSTXjeh51bm7myhuZN8wEM9Z3KDZaobKWe8ZXqsBYY7xEczbCWwl-zIFBlFMD3Y4gGvigo58J5kXd932xEL4_-hW76Ps.3jbkgg3DDvyjxWoGyxS5eU5gvlGO-VEYRLnqWEauw3w&dib_tag=se&keywords=mesa&qid=1749140238&sr=8-43&ufe=app_do%3Aamzn1.fos.fcd6d665-32ba-4479-9f21-b774e276a678,"R$209
,
90"
"segunda-feira, 23 de jun.",Mesa Escrivaninha Para Computador Escritório Pc Gamer 120cm De Largura Com Suporte De Teclado (Preto Fosco),https://www.amazon.com.br/Escrivaninha-Computador-Escrit%C3%B3rio-Gamer-Largura/dp/B0DTLK1MGY/ref=sr_1_44?dib=eyJ2IjoiMSJ9.PVcH5lDdOneieb3rHwtz6gOvocXgoWdbMc40zPyTcAEcdNoJBpdwONWg--sAjVzSBMuK34hSxdKrrcpBrjl0ZXBPkD4kewMVk7T347pS1ikceFF4siF3sSiaC-G8qiT4vvidqydRoIm8cF944hMX_wfOFVcg4c5cf-uD5hGdPu8gxjwhii8ExjIqFgteLqqo_d7Wz3gYLJHTBywNSTXjeh51bm7myhuZN8wEM9Z3KDZaobKWe8ZXqsBYY7xEczbCWwl-zIFBlFMD3Y4gGvigo58J5kXd932xEL4_-hW76Ps.3jbkgg3DDvyjxWoGyxS5eU5gvlGO-VEYRLnqWEauw3w&dib_tag=se&keywords=mesa&qid=1749140238&sr=8-44&ufe=app_do%3Aamzn1.fos.a492fd4a-f54d-4e8d-8c31-35e0a04ce61e,"R$229
,
99"
"quinta-feira, 3 de jul.",Escrivaninha Em L Mesa Para Computador Gamer 3 Gavetas Branco Lisboa Madesa,https://www.amazon.com.br/Escrivaninha-Computador-Gavetas-Branco-Madesa/dp/B0F2G8BH6H/ref=sr_1_45?dib=eyJ2IjoiMSJ9.PVcH5lDdOneieb3rHwtz6gOvocXgoWdbMc40zPyTcAEcdNoJBpdwONWg--sAjVzSBMuK34hSxdKrrcpBrjl0ZXBPkD4kewMVk7T347pS1ikceFF4siF3sSiaC-G8qiT4vvidqydRoIm8cF944hMX_wfOFVcg4c5cf-uD5hGdPu8gxjwhii8ExjIqFgteLqqo_d7Wz3gYLJHTBywNSTXjeh51bm7myhuZN8wEM9Z3KDZaobKWe8ZXqsBYY7xEczbCWwl-zIFBlFMD3Y4gGvigo58J5kXd932xEL4_-hW76Ps.3jbkgg3DDvyjxWoGyxS5eU5gvlGO-VEYRLnqWEauw3w&dib_tag=se&keywords=mesa&qid=1749140238&sr=8-45&ufe=app_do%3Aamzn1.fos.25548f35-0de7-44b3-b28e-0f56f3f96147,"R$519
,
99"
"quinta-feira, 31 de jul.",Mesa de Escritório 2 Gavetas 3 Nichos Office NT 2060 Notável Móveis Branco New,https://www.amazon.com.br/Escrit%C3%B3rio-Gavetas-Nichos-Office-Not%C3%A1vel/dp/B0C7RHB94D/ref=sr_1_46?dib=eyJ2IjoiMSJ9.PVcH5lDdOneieb3rHwtz6gOvocXgoWdbMc40zPyTcAEcdNoJBpdwONWg--sAjVzSBMuK34hSxdKrrcpBrjl0ZXBPkD4kewMVk7T347pS1ikceFF4siF3sSiaC-G8qiT4vvidqydRoIm8cF944hMX_wfOFVcg4c5cf-uD5hGdPu8gxjwhii8ExjIqFgteLqqo_d7Wz3gYLJHTBywNSTXjeh51bm7myhuZN8wEM9Z3KDZaobKWe8ZXqsBYY7xEczbCWwl-zIFBlFMD3Y4gGvigo58J5kXd932xEL4_-hW76Ps.3jbkgg3DDvyjxWoGyxS5eU5gvlGO-VEYRLnqWEauw3w&dib_tag=se&keywords=mesa&qid=1749140238&sr=8-46&ufe=app_do%3Aamzn1.fos.a492fd4a-f54d-4e8d-8c31-35e0a04ce61e,"R$349
,
98"
"quarta-feira, 2 de jul.",Mesa de Jantar Retangular 110x68cm Nicoli Mel/branco,https://www.amazon.com.br/Jantar-Retangular-110x68cm-Nicoli-branco/dp/B0CYJ64SC5/ref=sr_1_47?dib=eyJ2IjoiMSJ9.PVcH5lDdOneieb3rHwtz6gOvocXgoWdbMc40zPyTcAEcdNoJBpdwONWg--sAjVzSBMuK34hSxdKrrcpBrjl0ZXBPkD4kewMVk7T347pS1ikceFF4siF3sSiaC-G8qiT4vvidqydRoIm8cF944hMX_wfOFVcg4c5cf-uD5hGdPu8gxjwhii8ExjIqFgteLqqo_d7Wz3gYLJHTBywNSTXjeh51bm7myhuZN8wEM9Z3KDZaobKWe8ZXqsBYY7xEczbCWwl-zIFBlFMD3Y4gGvigo58J5kXd932xEL4_-hW76Ps.3jbkgg3DDvyjxWoGyxS5eU5gvlGO-VEYRLnqWEauw3w&dib_tag=se&keywords=mesa&qid=1749140238&sr=8-47&ufe=app_do%3Aamzn1.fos.a492fd4a-f54d-4e8d-8c31-35e0a04ce61e,"R$272
,
70"
"quinta-feira, 3 de jul.","Escrivaninha Industrial Office Star 1,20m 2 Prateleiras (Imbuia/Preto)",https://www.amazon.com.br/Escrivaninha-Industrial-Office-Prateleiras-Imbuia/dp/B09PV8GKT7/ref=sr_1_48?dib=eyJ2IjoiMSJ9.PVcH5lDdOneieb3rHwtz6gOvocXgoWdbMc40zPyTcAEcdNoJBpdwONWg--sAjVzSBMuK34hSxdKrrcpBrjl0ZXBPkD4kewMVk7T347pS1ikceFF4siF3sSiaC-G8qiT4vvidqydRoIm8cF944hMX_wfOFVcg4c5cf-uD5hGdPu8gxjwhii8ExjIqFgteLqqo_d7Wz3gYLJHTBywNSTXjeh51bm7myhuZN8wEM9Z3KDZaobKWe8ZXqsBYY7xEczbCWwl-zIFBlFMD3Y4gGvigo58J5kXd932xEL4_-hW76Ps.3jbkgg3DDvyjxWoGyxS5eU5gvlGO-VEYRLnqWEauw3w&dib_tag=se&keywords=mesa&qid=1749140238&sr=8-48&ufe=app_do%3Aamzn1.fos.fcd6d665-32ba-4479-9f21-b774e276a678,"R$199
,
00"
"quarta-feira, 25 de jun.",Escrivaninha Mesa de Computador com 2 Gavetas e Suporte para CPU/Gabinete - Ideal para Estudo Trabalho e Escritório (Branco),https://www.amazon.com.br/Escrivaninha-Computador-Gavetas-Suporte-Gabinete/dp/B0CYCKNCNG/ref=sr_1_49?dib=eyJ2IjoiMSJ9.PVcH5lDdOneieb3rHwtz6gOvocXgoWdbMc40zPyTcAEcdNoJBpdwONWg--sAjVzSBMuK34hSxdKrrcpBrjl0ZXBPkD4kewMVk7T347pS1ikceFF4siF3sSiaC-G8qiT4vvidqydRoIm8cF944hMX_wfOFVcg4c5cf-uD5hGdPu8gxjwhii8ExjIqFgteLqqo_d7Wz3gYLJHTBywNSTXjeh51bm7myhuZN8wEM9Z3KDZaobKWe8ZXqsBYY7xEczbCWwl-zIFBlFMD3Y4gGvigo58J5kXd932xEL4_-hW76Ps.3jbkgg3DDvyjxWoGyxS5eU5gvlGO-VEYRLnqWEauw3w&dib_tag=se&keywords=mesa&qid=1749140238&sr=8-49&ufe=app_do%3Aamzn1.fos.fcd6d665-32ba-4479-9f21-b774e276a678,"R$241
,
78"
"quarta-feira, 9 de jul.",Mesa De Jantar Estilo Industrial Luxo Pés de Ferro Tampo em MDF 160x80cm Para Sala E Cozinha Área Gourmet (Nature),https://www.amazon.com.br/Jantar-Industrial-160x80cm-Cozinha-Gourmet/dp/B0F466CNDF/ref=sr_1_50?dib=eyJ2IjoiMSJ9.PVcH5lDdOneieb3rHwtz6gOvocXgoWdbMc40zPyTcAEcdNoJBpdwONWg--sAjVzSBMuK34hSxdKrrcpBrjl0ZXBPkD4kewMVk7T347pS1ikceFF4siF3sSiaC-G8qiT4vvidqydRoIm8cF944hMX_wfOFVcg4c5cf-uD5hGdPu8gxjwhii8ExjIqFgteLqqo_d7Wz3gYLJHTBywNSTXjeh51bm7myhuZN8wEM9Z3KDZaobKWe8ZXqsBYY7xEczbCWwl-zIFBlFMD3Y4gGvigo58J5kXd932xEL4_-hW76Ps.3jbkgg3DDvyjxWoGyxS5eU5gvlGO-VEYRLnqWEauw3w&dib_tag=se&keywords=mesa&qid=1749140238&sr=8-50&ufe=app_do%3Aamzn1.fos.e05b01e0-91a7-477e-a514-15a32325a6d6,"R$412
,
99"
,Escrivaninha para Escritório Compacta p/Estudo Home Office Escritório Trabalho Branco,https://www.amazon.com.br/Escrivaninha-Escrit%C3%B3rio-Compacta-Trabalho-Branco/dp/B0DMGQK3RC/ref=sr_1_51?dib=eyJ2IjoiMSJ9.PVcH5lDdOneieb3rHwtz6gOvocXgoWdbMc40zPyTcAEcdNoJBpdwONWg--sAjVzSBMuK34hSxdKrrcpBrjl0ZXBPkD4kewMVk7T347pS1ikceFF4siF3sSiaC-G8qiT4vvidqydRoIm8cF944hMX_wfOFVcg4c5cf-uD5hGdPu8gxjwhii8ExjIqFgteLqqo_d7Wz3gYLJHTBywNSTXjeh51bm7myhuZN8wEM9Z3KDZaobKWe8ZXqsBYY7xEczbCWwl-zIFBlFMD3Y4gGvigo58J5kXd932xEL4_-hW76Ps.3jbkgg3DDvyjxWoGyxS5eU5gvlGO-VEYRLnqWEauw3w&dib_tag=se&keywords=mesa&qid=1749140238&sr=8-51,
"quinta-feira, 26 de jun.",Escrivaninha Mesa de Escritório de Canto 3 Gavetas Lisboa Madesa,https://www.amazon.com.br/Escrivaninha-Escrit%C3%B3rio-Gavetas-Lisboa-Madesa/dp/B0D2Y533Z4/ref=sr_1_52?dib=eyJ2IjoiMSJ9.PVcH5lDdOneieb3rHwtz6gOvocXgoWdbMc40zPyTcAEcdNoJBpdwONWg--sAjVzSBMuK34hSxdKrrcpBrjl0ZXBPkD4kewMVk7T347pS1ikceFF4siF3sSiaC-G8qiT4vvidqydRoIm8cF944hMX_wfOFVcg4c5cf-uD5hGdPu8gxjwhii8ExjIqFgteLqqo_d7Wz3gYLJHTBywNSTXjeh51bm7myhuZN8wEM9Z3KDZaobKWe8ZXqsBYY7xEczbCWwl-zIFBlFMD3Y4gGvigo58J5kXd932xEL4_-hW76Ps.3jbkgg3DDvyjxWoGyxS5eU5gvlGO-VEYRLnqWEauw3w&dib_tag=se&keywords=mesa&qid=1749140238&sr=8-52&ufe=app_do%3Aamzn1.fos.25548f35-0de7-44b3-b28e-0f56f3f96147,"R$539
,
99"
"segunda-feira, 23 de jun.",Mesa 70x70 Dobrável Madeira Maciça Bar Restaurante Imbuia (Mel),https://www.amazon.com.br/Dobr%C3%A1vel-Madeira-Maci%C3%A7a-Restaurante-Imbuia/dp/B0DPN5Z5ZN/ref=sr_1_53?dib=eyJ2IjoiMSJ9.PVcH5lDdOneieb3rHwtz6gOvocXgoWdbMc40zPyTcAEcdNoJBpdwONWg--sAjVzSBMuK34hSxdKrrcpBrjl0ZXBPkD4kewMVk7T347pS1ikceFF4siF3sSiaC-G8qiT4vvidqydRoIm8cF944hMX_wfOFVcg4c5cf-uD5hGdPu8gxjwhii8ExjIqFgteLqqo_d7Wz3gYLJHTBywNSTXjeh51bm7myhuZN8wEM9Z3KDZaobKWe8ZXqsBYY7xEczbCWwl-zIFBlFMD3Y4gGvigo58J5kXd932xEL4_-hW76Ps.3jbkgg3DDvyjxWoGyxS5eU5gvlGO-VEYRLnqWEauw3w&dib_tag=se&keywords=mesa&qid=1749140238&sr=8-53&ufe=app_do%3Aamzn1.fos.fcd6d665-32ba-4479-9f21-b774e276a678,"R$268
,
99"
"sexta-feira, 27 de jun.",Escrivaninha Madri com 2 Gavetas - Branco,https://www.amazon.com.br/Escrivaninha-Madri-com-Gavetas-Branco/dp/B08MJHNM2X/ref=sr_1_54?dib=eyJ2IjoiMSJ9.PVcH5lDdOneieb3rHwtz6gOvocXgoWdbMc40zPyTcAEcdNoJBpdwONWg--sAjVzSBMuK34hSxdKrrcpBrjl0ZXBPkD4kewMVk7T347pS1ikceFF4siF3sSiaC-G8qiT4vvidqydRoIm8cF944hMX_wfOFVcg4c5cf-uD5hGdPu8gxjwhii8ExjIqFgteLqqo_d7Wz3gYLJHTBywNSTXjeh51bm7myhuZN8wEM9Z3KDZaobKWe8ZXqsBYY7xEczbCWwl-zIFBlFMD3Y4gGvigo58J5kXd932xEL4_-hW76Ps.3jbkgg3DDvyjxWoGyxS5eU5gvlGO-VEYRLnqWEauw3w&dib_tag=se&keywords=mesa&qid=1749140238&sr=8-54&ufe=app_do%3Aamzn1.fos.fcd6d665-32ba-4479-9f21-b774e276a678,"R$259
,
98"
"quarta-feira, 18 de jun.",Mesa Escrivaninha Estilo Industrial Escritório Office 120cm Loft (Canela),https://www.amazon.com.br/Escrivaninha-Estilo-Industrial-Escrit%C3%B3rio-Office/dp/B0F1C1RPRJ/ref=sr_1_55?dib=eyJ2IjoiMSJ9.PVcH5lDdOneieb3rHwtz6gOvocXgoWdbMc40zPyTcAEcdNoJBpdwONWg--sAjVzSBMuK34hSxdKrrcpBrjl0ZXBPkD4kewMVk7T347pS1ikceFF4siF3sSiaC-G8qiT4vvidqydRoIm8cF944hMX_wfOFVcg4c5cf-uD5hGdPu8gxjwhii8ExjIqFgteLqqo_d7Wz3gYLJHTBywNSTXjeh51bm7myhuZN8wEM9Z3KDZaobKWe8ZXqsBYY7xEczbCWwl-zIFBlFMD3Y4gGvigo58J5kXd932xEL4_-hW76Ps.3jbkgg3DDvyjxWoGyxS5eU5gvlGO-VEYRLnqWEauw3w&dib_tag=se&keywords=mesa&qid=1749140238&sr=8-55&ufe=app_do%3Aamzn1.fos.fcd6d665-32ba-4479-9f21-b774e276a678,"R$198
,
16"
"sexta-feira, 4 de jul.",Mesa de Jantar Quadrada 4 Lugares Celebrare Móveis Lopas Amêndoa Clean/Off White,https://www.amazon.com.br/Quadrada-Lugares-Celebrare-M%C3%B3veis-Lopas/dp/B0C7RGSKHF/ref=sr_1_56?dib=eyJ2IjoiMSJ9.PVcH5lDdOneieb3rHwtz6gOvocXgoWdbMc40zPyTcAEcdNoJBpdwONWg--sAjVzSBMuK34hSxdKrrcpBrjl0ZXBPkD4kewMVk7T347pS1ikceFF4siF3sSiaC-G8qiT4vvidqydRoIm8cF944hMX_wfOFVcg4c5cf-uD5hGdPu8gxjwhii8ExjIqFgteLqqo_d7Wz3gYLJHTBywNSTXjeh51bm7myhuZN8wEM9Z3KDZaobKWe8ZXqsBYY7xEczbCWwl-zIFBlFMD3Y4gGvigo58J5kXd932xEL4_-hW76Ps.3jbkgg3DDvyjxWoGyxS5eU5gvlGO-VEYRLnqWEauw3w&dib_tag=se&keywords=mesa&qid=1749140238&sr=8-56&ufe=app_do%3Aamzn1.fos.a492fd4a-f54d-4e8d-8c31-35e0a04ce61e,"R$470
,
56"
"segunda-feira, 23 de jun.",Mesa De Jantar Redonda de 90cm Em Madeira - Branca,https://www.amazon.com.br/sspa/click?ie=UTF8&spc=MTozNTE2MTc0Njk1ODU1ODc6MTc0OTE0MDIzODpzcF9idGY6MzAwMzUyNzI0NzU3MDAyOjowOjo&url=%2FMesa-Jantar-Redonda-90cm-Madeira%2Fdp%2FB0CWB5NMKC%2Fref%3Dsr_1_57_sspa%3Fdib%3DeyJ2IjoiMSJ9.PVcH5lDdOneieb3rHwtz6gOvocXgoWdbMc40zPyTcAEcdNoJBpdwONWg--sAjVzSBMuK34hSxdKrrcpBrjl0ZXBPkD4kewMVk7T347pS1ikceFF4siF3sSiaC-G8qiT4vvidqydRoIm8cF944hMX_wfOFVcg4c5cf-uD5hGdPu8gxjwhii8ExjIqFgteLqqo_d7Wz3gYLJHTBywNSTXjeh51bm7myhuZN8wEM9Z3KDZaobKWe8ZXqsBYY7xEczbCWwl-zIFBlFMD3Y4gGvigo58J5kXd932xEL4_-hW76Ps.3jbkgg3DDvyjxWoGyxS5eU5gvlGO-VEYRLnqWEauw3w%26dib_tag%3Dse%26keywords%3Dmesa%26qid%3D1749140238%26sr%3D8-57-spons%26ufe%3Dapp_do%253Aamzn1.fos.25548f35-0de7-44b3-b28e-0f56f3f96147%26sp_csd%3Dd2lkZ2V0TmFtZT1zcF9idGY%26psc%3D1,"R$569
,
00"
"quinta-feira, 3 de jul.","Mesa de computador compacta, mesa de jogos, branca, 80 x 50 x 75 cm, madeira projetada, design que economiza espaço, ampla superfície de trabalho, armazenamento multifuncional, construção robusta",https://www.amazon.com.br/sspa/click?ie=UTF8&spc=MTozNTE2MTc0Njk1ODU1ODc6MTc0OTE0MDIzODpzcF9idGY6MzAwNzkwNTA2MTE0NzAyOjowOjo&url=%2Fcomputador-superf%25C3%25ADcie-armazenamento-multifuncional-constru%25C3%25A7%25C3%25A3o%2Fdp%2FB0FB454SXV%2Fref%3Dsr_1_58_sspa%3Fdib%3DeyJ2IjoiMSJ9.PVcH5lDdOneieb3rHwtz6gOvocXgoWdbMc40zPyTcAEcdNoJBpdwONWg--sAjVzSBMuK34hSxdKrrcpBrjl0ZXBPkD4kewMVk7T347pS1ikceFF4siF3sSiaC-G8qiT4vvidqydRoIm8cF944hMX_wfOFVcg4c5cf-uD5hGdPu8gxjwhii8ExjIqFgteLqqo_d7Wz3gYLJHTBywNSTXjeh51bm7myhuZN8wEM9Z3KDZaobKWe8ZXqsBYY7xEczbCWwl-zIFBlFMD3Y4gGvigo58J5kXd932xEL4_-hW76Ps.3jbkgg3DDvyjxWoGyxS5eU5gvlGO-VEYRLnqWEauw3w%26dib_tag%3Dse%26keywords%3Dmesa%26qid%3D1749140238%26sr%3D8-58-spons%26ufe%3Dapp_do%253Aamzn1.fos.a492fd4a-f54d-4e8d-8c31-35e0a04ce61e%26sp_csd%3Dd2lkZ2V0TmFtZT1zcF9idGY%26psc%3D1,"R$490
,
51"
"terça-feira, 17 de jun.",Mesa Jantar Redonda 90cm Tampo MDF Base Madeira Maciça (Freijo),https://www.amazon.com.br/sspa/click?ie=UTF8&spc=MTozNTE2MTc0Njk1ODU1ODc6MTc0OTE0MDIzODpzcF9idGY6MzAwMzUyNzI0NzU2NjAyOjowOjo&url=%2FJantar-Redonda-Madeira-Tampo-Freij%25C3%25B3%2Fdp%2FB0D1YHMH27%2Fref%3Dsr_1_59_sspa%3Fdib%3DeyJ2IjoiMSJ9.PVcH5lDdOneieb3rHwtz6gOvocXgoWdbMc40zPyTcAEcdNoJBpdwONWg--sAjVzSBMuK34hSxdKrrcpBrjl0ZXBPkD4kewMVk7T347pS1ikceFF4siF3sSiaC-G8qiT4vvidqydRoIm8cF944hMX_wfOFVcg4c5cf-uD5hGdPu8gxjwhii8ExjIqFgteLqqo_d7Wz3gYLJHTBywNSTXjeh51bm7myhuZN8wEM9Z3KDZaobKWe8ZXqsBYY7xEczbCWwl-zIFBlFMD3Y4gGvigo58J5kXd932xEL4_-hW76Ps.3jbkgg3DDvyjxWoGyxS5eU5gvlGO-VEYRLnqWEauw3w%26dib_tag%3Dse%26keywords%3Dmesa%26qid%3D1749140238%26sr%3D8-59-spons%26ufe%3Dapp_do%253Aamzn1.fos.25548f35-0de7-44b3-b28e-0f56f3f96147%26sp_csd%3Dd2lkZ2V0TmFtZT1zcF9idGY%26psc%3D1,"R$569
,
00"
"terça-feira, 17 de jun.",Mesa de Jantar Redonda 6 Lugares 120cm em MDF Gabi Branca - Straub Web,https://www.amazon.com.br/sspa/click?ie=UTF8&spc=MTozNTE2MTc0Njk1ODU1ODc6MTc0OTE0MDIzODpzcF9idGY6MzAwNzU2NTE5ODIxMjAyOjowOjo&url=%2FJantar-Redonda-Lugares-120cm-Branca%2Fdp%2FB0C21B4433%2Fref%3Dsr_1_60_sspa%3Fdib%3DeyJ2IjoiMSJ9.PVcH5lDdOneieb3rHwtz6gOvocXgoWdbMc40zPyTcAEcdNoJBpdwONWg--sAjVzSBMuK34hSxdKrrcpBrjl0ZXBPkD4kewMVk7T347pS1ikceFF4siF3sSiaC-G8qiT4vvidqydRoIm8cF944hMX_wfOFVcg4c5cf-uD5hGdPu8gxjwhii8ExjIqFgteLqqo_d7Wz3gYLJHTBywNSTXjeh51bm7myhuZN8wEM9Z3KDZaobKWe8ZXqsBYY7xEczbCWwl-zIFBlFMD3Y4gGvigo58J5kXd932xEL4_-hW76Ps.3jbkgg3DDvyjxWoGyxS5eU5gvlGO-VEYRLnqWEauw3w%26dib_tag%3Dse%26keywords%3Dmesa%26qid%3D1749140238%26sr%3D8-60-spons%26ufe%3Dapp_do%253Aamzn1.fos.25548f35-0de7-44b3-b28e-0f56f3f96147%26sp_csd%3Dd2lkZ2V0TmFtZT1zcF9idGY%26psc%3D1,"R$915
,
75"
